{"genes": {"lealdade": 0.9894553410673217, "curiosidade": 0.8017803078420729, "iniciativa": 0.36225009197903574}, "hash": "9a8f2394", "geracao": 1}